t,wl,wr
1.1655998229980469,0.0,3.8987619876861572
1.1667637825012207,4.0998053550720215,3.8987619876861572
1.166823387145996,4.0998053550720215,3.869760036468506
1.1672048568725586,4.128620624542236,3.869760036468506
1.1672682762145996,4.128620624542236,3.844942808151245
1.167661190032959,4.152919769287109,3.844942808151245
1.1677179336547852,4.152919769287109,3.8253679275512695
1.1680991649627686,4.1718645095825195,3.8253679275512695
1.1681571006774902,4.1718645095825195,1.4461995363235474
1.1685545444488525,1.8747222423553467,1.4461995363235474
1.168611764907837,1.8747222423553467,-0.2318330705165863
1.1690068244934082,0.2328156977891922,-0.2318330705165863
1.169062852859497,0.2328156977891922,-0.2393941730260849
1.1693894863128662,0.23976697027683258,-0.2393941730260849
1.169435739517212,0.23976697027683258,-0.2414036989212036
1.1697425842285156,0.24172663688659668,-0.2414036989212036
1.255659818649292,0.2386852502822876,-0.2414036989212036
1.2560970783233643,0.2386852502822876,-0.2384186089038849
1.372704267501831,0.23775683343410492,-0.2384186089038849
1.372755765914917,0.23775683343410492,-0.2375299036502838
1.4777352809906006,0.2357063889503479,-0.2375299036502838
1.477820634841919,0.2357063889503479,-0.23547619581222534
1.5933079719543457,0.23353874683380127,-0.23547619581222534
1.5938503742218018,0.23353874683380127,-0.233298659324646
1.7176094055175781,0.23085813224315643,-0.233298659324646
1.7177183628082275,0.23085813224315643,-0.2306092232465744
1.838383436203003,0.22772561013698578,-0.2306092232465744
1.838500738143921,0.22772561013698578,-0.22746726870536804
1.9628069400787354,0.21997441351413727,-0.22746726870536804
1.9628791809082031,0.21997441351413727,-0.21970465779304504
2.091158628463745,0.20912353694438934,-0.21970465779304504
2.0912816524505615,0.20912353694438934,-0.2088407278060913
2.208824396133423,0.1947077363729477,-0.2088407278060913
2.208933115005493,0.1947077363729477,-0.19441066682338715
2.335268497467041,0.1799802929162979,-0.19441066682338715
2.3359076976776123,0.1799802929162979,-0.1796666979789734
2.458635091781616,0.16442210972309113,-0.1796666979789734
2.459052085876465,0.16442210972309113,-0.1640901416540146
2.594087839126587,0.14607450366020203,-0.1640901416540146
2.5943636894226074,0.14607450366020203,-0.14571613073349
2.7019596099853516,0.1302170753479004,-0.14571613073349
2.7023065090179443,0.1302170753479004,-0.1298350989818573
2.8276329040527344,0.11212192475795746,-0.1298350989818573
2.827752113342285,0.11212192475795746,-0.11168042570352554
2.955197334289551,0.09665815532207489,-0.11168042570352554
2.9554531574249268,0.09665815532207489,-0.09617603570222855
3.078198194503784,0.08012194186449051,-0.09617603570222855
3.07829213142395,0.08012194186449051,-0.07958303391933441
3.2006518840789795,0.06687238067388535,-0.07958303391933441
3.2007791996002197,0.06687238067388535,-0.06627313047647476
3.3235108852386475,0.051924336701631546,-0.06627313047647476
3.3238131999969482,0.051924336701631546,-0.05121444910764694
3.4538257122039795,0.05755578354001045,-0.05121444910764694
3.454200029373169,0.05755578354001045,-0.05681489780545235
3.577540874481201,0.06345834583044052,-0.05681489780545235
3.5776848793029785,0.06345834583044052,-0.06260284036397934
3.706094980239868,0.06583797931671143,-0.06260284036397934
3.706225872039795,0.06583797931671143,-0.06479430198669434
3.8235692977905273,0.06655368208885193,-0.06479430198669434
3.8237388134002686,0.06655368208885193,-0.0651635155081749
3.9487433433532715,0.06691672652959824,-0.0651635155081749
3.949007511138916,0.06691672652959824,-0.06488972157239914
4.071027755737305,0.06698949635028839,-0.06488972157239914
4.071183443069458,0.06698949635028839,-0.06217654421925545
4.196001768112183,0.11170683801174164,-0.06217654421925545
4.196408748626709,0.11170683801174164,-0.003933751489967108
4.3039937019348145,0.44709330797195435,-0.003933751489967108
4.304081916809082,0.44709330797195435,0.3436260223388672
4.416157007217407,0.9024485945701599,0.3436260223388672
4.416353940963745,0.9024485945701599,0.8068936467170715
4.523501634597778,1.4448516368865967,0.8068936467170715
4.523642301559448,1.4448516368865967,1.3510545492172241
4.631208896636963,1.9563047885894775,1.3510545492172241
4.63130521774292,1.9563047885894775,1.8625015020370483
4.740529537200928,2.4254095554351807,1.8625015020370483
4.7406005859375,2.4254095554351807,2.340339183807373
4.847012996673584,2.8675546646118164,2.340339183807373
4.847161531448364,2.8675546646118164,2.8105781078338623
4.963698625564575,3.239731550216675,2.8105781078338623
4.963874816894531,3.239731550216675,3.219289541244507
5.068632125854492,3.456146001815796,3.219289541244507
5.068763732910156,3.456146001815796,3.478731155395508
5.181022882461548,3.365670680999756,3.478731155395508
5.181400537490845,3.365670680999756,3.4451372623443604
5.283332586288452,3.0677666664123535,3.4451372623443604
5.283412933349609,3.0677666664123535,3.195995807647705
5.396500110626221,2.6936800479888916,3.195995807647705
5.3970582485198975,2.6936800479888916,2.8637189865112305
5.508369445800781,2.080953598022461,2.8637189865112305
5.509293556213379,2.080953598022461,2.283069372177124
5.61732029914856,1.3423913717269897,2.283069372177124
5.617440223693848,1.3423913717269897,1.568127155303955
5.73357081413269,0.6807543039321899,1.568127155303955
5.734384298324585,0.6807543039321899,0.9197310209274292
5.853431701660156,0.02557145431637764,0.9197310209274292
5.854215383529663,0.02557145431637764,0.27192384004592896
5.959831953048706,-0.11950531601905823,0.27192384004592896
5.960325002670288,-0.11950531601905823,0.12601326406002045
6.083812236785889,-0.1161564290523529,0.12601326406002045
6.083951711654663,-0.1161564290523529,0.120137520134449
6.209603548049927,-0.10731413960456848,0.120137520134449
6.210017442703247,-0.10731413960456848,0.11872611939907074
6.333871841430664,-0.031471509486436844,0.11872611939907074
6.334315061569214,-0.031471509486436844,0.18165358901023865
6.42605185508728,0.2712479531764984,0.18165358901023865
6.426223278045654,0.2712479531764984,0.4746159315109253
6.5191075801849365,0.7224943041801453,0.4746159315109253
6.519191265106201,0.7224943041801453,0.9195119738578796
6.618731260299683,1.2426798343658447,0.9195119738578796
6.618887424468994,1.2426798343658447,1.4366623163223267
6.709011077880859,1.8222224712371826,1.4366623163223267
6.709142446517944,1.8222224712371826,2.01479434967041
6.799637317657471,2.434962749481201,2.01479434967041
6.799738168716431,2.434962749481201,2.626676082611084
6.902303695678711,2.9653282165527344,2.626676082611084
6.902461290359497,2.9653282165527344,3.1468002796173096
7.0130486488342285,3.481482744216919,3.1468002796173096
7.0131447315216064,3.481482744216919,3.6474108695983887
7.133955478668213,3.823256731033325,3.6474108695983887
7.134239196777344,3.823256731033325,3.969728708267212
7.260380983352661,3.920569658279419,3.969728708267212
7.262047052383423,3.920569658279419,4.043639659881592
7.382490634918213,3.923576831817627,4.043639659881592
7.382568597793579,3.923576831817627,4.022219181060791
7.5019004344940186,3.887610673904419,4.022219181060791
7.502149820327759,3.887610673904419,3.963653564453125
7.639544248580933,3.5876083374023438,3.963653564453125
7.640003442764282,3.5876083374023438,3.6385281085968018
7.709788084030151,3.1961240768432617,3.6385281085968018
7.709858655929565,3.1961240768432617,3.2283432483673096
7.800494909286499,3.025514841079712,3.2283432483673096
7.800607204437256,3.025514841079712,3.0464468002319336
7.902387619018555,2.8405375480651855,3.0464468002319336
7.902755498886108,2.8405375480651855,2.8479084968566895
7.994755268096924,2.395895004272461,2.8479084968566895
7.994852066040039,2.395895004272461,2.3926234245300293
8.089422702789307,2.1335394382476807,2.3926234245300293
8.089494466781616,2.1335394382476807,2.1227009296417236
8.187491178512573,1.9134047031402588,2.1227009296417236
8.188329935073853,1.9134047031402588,1.8944063186645508
8.280832290649414,1.7966282367706299,1.8944063186645508
8.281081199645996,1.7966282367706299,1.7711392641067505
8.379445552825928,1.7577004432678223,1.7711392641067505
8.37970757484436,1.7577004432678223,1.7225370407104492
8.473865032196045,1.8692622184753418,1.7225370407104492
8.47412633895874,1.8692622184753418,1.8299344778060913
8.5731201171875,2.0755374431610107,1.8299344778060913
8.573203802108765,2.0755374431610107,2.0318496227264404
8.669974327087402,2.3418691158294678,2.0318496227264404
8.670277118682861,2.3418691158294678,2.2951502799987793
8.766870260238647,2.6953887939453125,2.2951502799987793
8.767375946044922,2.6953887939453125,2.6480696201324463
8.858909845352173,3.1290206909179688,2.6480696201324463
8.859103918075562,3.1290206909179688,3.082418918609619
8.975985288619995,3.5132791996002197,3.082418918609619
8.976547956466675,3.5132791996002197,3.4663867950439453
9.093459367752075,3.720625877380371,3.4663867950439453
9.095574855804443,3.720625877380371,3.678150177001953
9.227278232574463,3.947458267211914,3.678150177001953
9.227431535720825,3.947458267211914,3.9097206592559814
9.34228801727295,3.995145082473755,3.9097206592559814
9.342346429824829,3.995145082473755,3.9687700271606445
9.465146541595459,4.0026140213012695,3.9687700271606445
9.465219974517822,4.0026140213012695,3.983105182647705
9.585634708404541,3.9965968132019043,3.983105182647705
9.58579707145691,3.9965968132019043,3.9808528423309326
9.709580183029175,3.993621587753296,3.9808528423309326
9.709665775299072,3.993621587753296,3.9802560806274414
9.836852312088013,3.9775164127349854,3.9802560806274414
9.836955785751343,3.9775164127349854,3.968825101852417
9.960436582565308,3.9655890464782715,3.968825101852417
9.960568189620972,3.9655890464782715,3.9541845321655273
10.067610502243042,3.8538219928741455,3.9541845321655273
10.067725658416748,3.8538219928741455,3.842484474182129
10.183548927307129,3.696364402770996,3.842484474182129
10.183696269989014,3.696364402770996,3.6911728382110596
10.272100925445557,3.621603012084961,3.6911728382110596
10.272156476974487,3.621603012084961,3.6221559047698975
10.374068260192871,3.5856945514678955,3.6221559047698975
10.374255418777466,3.5856945514678955,3.588233709335327
10.46598219871521,3.474550724029541,3.588233709335327
10.466504335403442,3.474550724029541,3.4831345081329346
10.560315608978271,3.393242120742798,3.4831345081329346
10.560444593429565,3.393242120742798,3.406378984451294
10.65563416481018,3.2075514793395996,3.406378984451294
10.655847549438477,3.2075514793395996,3.2249531745910645
10.752504110336304,3.129420280456543,3.2249531745910645
10.752608060836792,3.129420280456543,3.149951696395874
10.847690343856812,3.188328266143799,3.149951696395874
10.847943782806396,3.188328266143799,3.21093487739563
10.946751832962036,3.231287717819214,3.21093487739563
10.94684886932373,3.231287717819214,3.2540040016174316
11.037610530853271,3.3225135803222656,3.2540040016174316
11.037715435028076,3.3225135803222656,3.345656394958496
11.137129306793213,3.453555107116699,3.345656394958496
11.13752794265747,3.453555107116699,3.4759812355041504
11.232428550720215,3.5130560398101807,3.4759812355041504
11.23295783996582,3.5130560398101807,3.5343878269195557
11.326314926147461,3.5825483798980713,3.5343878269195557
11.326349973678589,3.5825483798980713,3.602860689163208
11.418249368667603,3.6372125148773193,3.602860689163208
11.418343782424927,3.6372125148773193,3.6534488201141357
11.51744556427002,3.7067348957061768,3.6534488201141357
11.517516851425171,3.7067348957061768,3.722538709640503
11.635905265808105,3.801471471786499,3.722538709640503
11.636192560195923,3.801471471786499,3.8158466815948486
11.76650619506836,3.8915982246398926,3.8158466815948486
11.766654253005981,3.8915982246398926,3.904507637023926
11.88895869255066,3.942858934402466,3.904507637023926
11.889024257659912,3.942858934402466,3.960644483566284
12.011863946914673,3.9534339904785156,3.960644483566284
12.011906623840332,3.9534339904785156,3.9713683128356934
12.139482975006104,3.91145396232605,3.9713683128356934
12.140271186828613,3.91145396232605,3.9316883087158203
12.24774718284607,3.759310722351074,3.9316883087158203
12.247843980789185,3.759310722351074,3.7816033363342285
12.374826431274414,3.67033314704895,3.7816033363342285
12.375001907348633,3.67033314704895,3.692884922027588
12.46809458732605,3.5922329425811768,3.692884922027588
12.468170166015625,3.5922329425811768,3.6130051612854004
12.564575910568237,3.649656295776367,3.6130051612854004
12.564655065536499,3.649656295776367,3.665696382522583
12.675145864486694,3.4503722190856934,3.665696382522583
12.675228357315063,3.4503722190856934,3.459461212158203
12.769275188446045,3.4845008850097656,3.459461212158203
12.769375085830688,3.4845008850097656,3.4906978607177734
12.861768960952759,3.501459836959839,3.4906978607177734
12.862285614013672,3.501459836959839,3.5030360221862793
12.961464643478394,3.478367567062378,3.5030360221862793
12.961546421051025,3.478367567062378,3.477482557296753
13.059383630752563,3.5143632888793945,3.477482557296753
13.059763193130493,3.5143632888793945,3.5068087577819824
13.158180713653564,3.483859062194824,3.5068087577819824
13.158258438110352,3.483859062194824,3.4688432216644287
13.245514154434204,3.520922899246216,3.4688432216644287
13.246171712875366,3.520922899246216,3.5033061504364014
13.34401798248291,3.5516810417175293,3.5033061504364014
13.344088077545166,3.5516810417175293,3.531040906906128
13.438260316848755,3.627842903137207,3.531040906906128
13.438357830047607,3.627842903137207,3.6086602210998535
13.531445980072021,3.6268935203552246,3.6086602210998535
13.532325029373169,3.6268935203552246,3.607724905014038
13.627225160598755,3.70658278465271,3.607724905014038
13.62737488746643,3.70658278465271,3.685567617416382
13.753296375274658,3.8101160526275635,3.685567617416382
13.755787134170532,3.8101160526275635,3.7916738986968994
13.865747213363647,3.712017774581909,3.7916738986968994
13.865850687026978,3.712017774581909,3.6961348056793213
13.956480979919434,3.681555986404419,3.6961348056793213
13.956595182418823,3.681555986404419,3.6660475730895996
14.050169229507446,3.714784622192383,3.6660475730895996
14.050229549407959,3.714784622192383,3.703472375869751
14.176424741744995,3.8109078407287598,3.703472375869751
14.176734685897827,3.8109078407287598,3.803373098373413
14.299734830856323,3.8576388359069824,3.803373098373413
14.300093650817871,3.8576388359069824,3.8517158031463623
14.416825294494629,3.7000954151153564,3.8517158031463623
14.41689133644104,3.7000954151153564,3.6920888423919678
14.506361961364746,3.7199573516845703,3.6920888423919678
14.506436109542847,3.7199573516845703,3.711728811264038
14.63258147239685,3.856703281402588,3.711728811264038
14.633376836776733,3.856703281402588,3.8460769653320312
14.755871057510376,3.8193717002868652,3.8460769653320312
14.755927085876465,3.8193717002868652,3.8088576793670654
14.867183923721313,3.676741600036621,3.8088576793670654
14.867419004440308,3.676741600036621,3.65963077545166
14.994514465332031,3.57023024559021,3.65963077545166
14.995912551879883,3.57023024559021,3.550154685974121
15.058273077011108,3.5490617752075195,3.550154685974121
15.0584077835083,3.5490617752075195,3.524275541305542
15.166951179504395,3.8277409076690674,3.524275541305542
15.167038917541504,3.8277409076690674,3.799551486968994
15.302299499511719,3.919830799102783,3.799551486968994
15.302489042282104,3.919830799102783,3.892104387283325
15.403467893600464,3.6706693172454834,3.892104387283325
15.403653860092163,3.6706693172454834,3.6524388790130615
15.502535343170166,3.5357677936553955,3.6524388790130615
15.5026535987854,3.5357677936553955,3.5220887660980225
15.584021091461182,3.5219972133636475,3.5220887660980225
15.584121704101562,3.5219972133636475,3.514090061187744
15.684848546981812,3.5832035541534424,3.514090061187744
15.684958934783936,3.5832035541534424,3.5760884284973145
15.774475812911987,3.6299819946289062,3.5760884284973145
15.774558305740356,3.6299819946289062,3.6254935264587402
15.87434434890747,3.5490059852600098,3.6254935264587402
15.874524354934692,3.5490059852600098,3.5471315383911133
15.965933799743652,3.5397095680236816,3.5471315383911133
15.966086626052856,3.5397095680236816,3.539034843444824
16.06128692626953,3.559189558029175,3.539034843444824
16.062178134918213,3.559189558029175,3.556842088699341
16.16500234603882,3.649456262588501,3.556842088699341
16.16508173942566,3.649456262588501,3.641883134841919
16.28582262992859,3.729489803314209,3.641883134841919
16.28615713119507,3.729489803314209,3.722773551940918
16.400790691375732,3.640279531478882,3.722773551940918
16.400919198989868,3.640279531478882,3.63219952583313
16.486902236938477,3.6303701400756836,3.63219952583313
16.487017393112183,3.6303701400756836,3.624156951904297
16.601499319076538,3.8337109088897705,3.624156951904297
16.60160803794861,3.8337109088897705,3.828936815261841
16.702654600143433,3.8022711277008057,3.828936815261841
16.705097198486328,3.8022711277008057,3.8002490997314453
16.816253185272217,3.6822452545166016,3.8002490997314453
16.81635570526123,3.6822452545166016,3.6849594116210938
16.912428855895996,3.681333303451538,3.6849594116210938
16.912514686584473,3.681333303451538,3.6942827701568604
17.041484117507935,3.7288196086883545,3.6942827701568604
17.041545152664185,3.7288196086883545,3.746990919113159
17.163285970687866,3.8770751953125,3.746990919113159
17.163371562957764,3.8770751953125,3.8973283767700195
17.27146315574646,3.441162109375,3.8973283767700195
17.271522760391235,3.441162109375,3.4589242935180664
17.36416244506836,3.2994754314422607,3.4589242935180664
17.364343643188477,3.2994754314422607,3.3140053749084473
17.46305537223816,3.293086290359497,3.3140053749084473
17.463266134262085,3.293086290359497,3.3034615516662598
17.554152250289917,3.261427640914917,3.3034615516662598
17.554284811019897,3.261427640914917,3.2637176513671875
17.649258375167847,3.2626919746398926,3.2637176513671875
17.649335861206055,3.2626919746398926,3.2555601596832275
17.746259212493896,3.0327908992767334,3.2555601596832275
17.74634337425232,3.0327908992767334,3.0134968757629395
17.841490030288696,2.7176353931427,3.0134968757629395
17.84153127670288,2.7176353931427,2.6893057823181152
17.945220232009888,2.355003833770752,2.6893057823181152
17.945285081863403,2.355003833770752,2.3195929527282715
18.04587149620056,1.703115701675415,2.3195929527282715
18.047003984451294,1.703115701675415,1.6605578660964966
18.153313398361206,0.8885300755500793,1.6605578660964966
18.153886556625366,0.8885300755500793,0.8429328799247742
18.26102590560913,0.2701556384563446,0.8429328799247742
18.261165380477905,0.2701556384563446,0.22119282186031342
18.367961645126343,0.0366547591984272,0.22119282186031342
18.36807632446289,0.0366547591984272,-0.01651861146092415
18.478177547454834,0.02846629172563553,-0.01651861146092415
18.47825813293457,0.02846629172563553,-0.025184204801917076
18.605239391326904,0.028241390362381935,-0.025184204801917076
18.605331420898438,0.028241390362381935,-0.02340351976454258
18.716432332992554,0.027132274582982063,-0.02340351976454258
18.716492414474487,0.027132274582982063,-0.022034820169210434
18.845083713531494,0.027499109506607056,-0.022034820169210434
18.84637761116028,0.027499109506607056,-0.019729457795619965
18.961262464523315,0.039433930069208145,-0.019729457795619965
18.961450815200806,0.039433930069208145,-0.006146274507045746
19.083216428756714,0.12753058969974518,-0.006146274507045746
19.083268404006958,0.12753058969974518,0.08345527946949005
19.201156616210938,0.3648392856121063,0.08345527946949005
19.201228857040405,0.3648392856121063,0.32198265194892883
19.301483869552612,0.6355104446411133,0.32198265194892883
19.30155062675476,0.6355104446411133,0.5942614078521729
19.417234420776367,1.008910894393921,0.5942614078521729
19.417412281036377,1.008910894393921,0.9689863920211792
19.51703953742981,1.3762922286987305,0.9689863920211792
19.517125368118286,1.3762922286987305,1.3379689455032349
19.61145305633545,1.7433226108551025,1.3379689455032349
19.612607717514038,1.7433226108551025,1.709069013595581
19.714951038360596,2.0552620887756348,1.709069013595581
19.71505618095398,2.0552620887756348,2.030846357345581
19.806281089782715,2.277646064758301,2.030846357345581
19.80673360824585,2.277646064758301,2.2678303718566895
19.905401945114136,2.479914665222168,2.2678303718566895
19.905890941619873,2.479914665222168,2.48490571975708
19.999382734298706,2.598651170730591,2.48490571975708
19.99948811531067,2.598651170730591,2.613858699798584
20.090100288391113,2.598780870437622,2.613858699798584
20.09027862548828,2.598780870437622,2.6258296966552734
20.194385766983032,2.5658271312713623,2.6258296966552734
20.194668769836426,2.5658271312713623,2.6014461517333984
20.28521227836609,2.5202760696411133,2.6014461517333984
20.285305738449097,2.5202760696411133,2.5633726119995117
20.388030529022217,2.5431103706359863,2.5633726119995117
20.38814949989319,2.5431103706359863,2.5939996242523193
20.476340770721436,2.3794972896575928,2.5939996242523193
20.476581573486328,2.3794972896575928,2.438241720199585
20.568474292755127,2.137556552886963,2.438241720199585
20.56857395172119,2.137556552886963,2.19923734664917
20.667458295822144,1.8201221227645874,2.19923734664917
20.667568683624268,1.8201221227645874,1.880983591079712
20.76597547531128,1.6021045446395874,1.880983591079712
20.768349409103394,1.6021045446395874,1.6634188890457153
20.85644006729126,1.3805280923843384,1.6634188890457153
20.856534004211426,1.3805280923843384,1.4390803575515747
20.97427272796631,1.2420227527618408,1.4390803575515747
20.974454879760742,1.2420227527618408,1.2981675863265991
21.0489284992218,1.2161227464675903,1.2981675863265991
21.049027919769287,1.2161227464675903,1.2682198286056519
21.142094373703003,1.1412242650985718,1.2682198286056519
21.142221927642822,1.1412242650985718,1.1879260540008545
21.23930525779724,1.0794153213500977,1.1879260540008545
21.239447355270386,1.0794153213500977,1.1110049486160278
21.33575749397278,1.1074779033660889,1.1110049486160278
21.33582091331482,1.1074779033660889,1.1306360960006714
21.429771423339844,1.1726117134094238,1.1306360960006714
21.430020332336426,1.1726117134094238,1.187133550643921
21.5293231010437,1.2419946193695068,1.187133550643921
21.529460906982422,1.2419946193695068,1.2502753734588623
21.622055530548096,1.3491051197052002,1.2502753734588623
21.622156143188477,1.3491051197052002,1.3506146669387817
21.73499584197998,1.1645100116729736,1.3506146669387817
21.73549461364746,1.1645100116729736,0.7757393717765808
21.855817079544067,1.0422250032424927,0.7757393717765808
21.85605549812317,1.0422250032424927,0.35200774669647217
21.94782042503357,0.8653292059898376,0.35200774669647217
21.948058366775513,0.8653292059898376,-0.020616283640265465
22.05826711654663,0.6455166339874268,-0.020616283640265465
22.058396816253662,0.6455166339874268,-0.36214640736579895
22.185911655426025,0.5508561134338379,-0.36214640736579895
22.185977458953857,0.5508561134338379,-0.5278651118278503
22.30775022506714,0.5584434866905212,-0.5278651118278503
22.30785036087036,0.5584434866905212,-0.5461280345916748
22.436903476715088,0.5562514662742615,-0.5461280345916748
22.43700623512268,0.5562514662742615,-0.5411968231201172
22.554959774017334,0.5434821248054504,-0.5411968231201172
22.55509042739868,0.5434821248054504,-0.5256519317626953
22.679260969161987,0.5787890553474426,-0.5256519317626953
22.679356336593628,0.5787890553474426,-0.45260679721832275
22.798584699630737,0.9500507116317749,-0.45260679721832275
22.798848867416382,0.9500507116317749,-0.019324826076626778
22.905167818069458,1.5463773012161255,-0.019324826076626778
22.90523099899292,1.5463773012161255,0.6438031196594238
23.01171898841858,2.352332830429077,0.6438031196594238
23.011963605880737,2.352332830429077,1.5211217403411865
23.12971043586731,3.253830909729004,1.5211217403411865
23.129874229431152,3.253830909729004,2.4907915592193604
23.25541090965271,4.210511684417725,2.4907915592193604
23.255452871322632,4.210511684417725,3.52710223197937
23.40656018257141,4.280296802520752,3.52710223197937
23.407288789749146,4.280296802520752,3.7189712524414062
23.53460693359375,4.198631286621094,3.7189712524414062
23.535043716430664,4.198631286621094,3.8009743690490723
23.685978412628174,4.111602306365967,3.8009743690490723
23.6862530708313,4.111602306365967,3.8881008625030518
23.806320428848267,4.017327785491943,3.8881008625030518
23.80640149116516,4.017327785491943,3.9823825359344482
23.92764687538147,3.940302848815918,3.9823825359344482
23.928640365600586,3.940302848815918,4.059392929077148
24.05388045310974,3.903188705444336,4.059392929077148
24.053922653198242,3.903188705444336,4.09642219543457
24.18355917930603,3.8922343254089355,4.09642219543457
24.183934450149536,3.8922343254089355,4.1071882247924805
24.31012749671936,3.8949403762817383,4.1071882247924805
24.310325860977173,3.8949403762817383,4.104170799255371
24.42852544784546,3.8959619998931885,4.104170799255371
24.429001808166504,3.8959619998931885,4.102649211883545
24.560027837753296,3.8758397102355957,4.102649211883545
24.560274839401245,3.8758397102355957,4.121258735656738
24.663925647735596,3.7642428874969482,4.121258735656738
24.664017915725708,3.7642428874969482,4.099503517150879
24.787159204483032,3.5855109691619873,4.099503517150879
24.787212133407593,3.5855109691619873,4.032261371612549
24.8964900970459,3.0997226238250732,4.032261371612549
24.89656949043274,3.0997226238250732,3.654933214187622
25.015034914016724,2.02671480178833,3.654933214187622
25.01509737968445,2.02671480178833,2.6709349155426025
25.11846923828125,0.8457280397415161,2.6709349155426025
25.11960744857788,0.8457280397415161,1.5470751523971558
25.232611656188965,-0.16824060678482056,1.5470751523971558
25.232831716537476,-0.16824060678482056,0.545495867729187
25.35720443725586,-0.3484556972980499,0.545495867729187
25.357774257659912,-0.3484556972980499,0.3519183397293091
25.47502827644348,-0.3379842936992645,0.3519183397293091
25.475083112716675,-0.3379842936992645,0.33907127380371094
25.60399889945984,-0.32590070366859436,0.33907127380371094
25.60411500930786,-0.32590070366859436,0.32691439986228943
25.72385859489441,-0.32657966017723083,0.32691439986228943
25.724860429763794,-0.32657966017723083,0.32807087898254395
25.855416774749756,-0.33885830640792847,0.32807087898254395
25.85546636581421,-0.33885830640792847,0.3416256606578827
25.973495721817017,-0.35237255692481995,0.3416256606578827
25.973598957061768,-0.35237255692481995,0.356516033411026
26.09912657737732,-0.3206077516078949,0.356516033411026
26.09923028945923,-0.3206077516078949,0.41778621077537537
26.210756063461304,0.19540615379810333,0.41778621077537537
26.210853338241577,0.19540615379810333,0.9637287259101868
26.32399272918701,0.7685911655426025,0.9637287259101868
26.324174165725708,0.7685911655426025,1.5626581907272339
26.43771004676819,1.3722712993621826,1.5626581907272339
26.438873052597046,1.3722712993621826,2.195169687271118
26.539170265197754,1.9629420042037964,2.195169687271118
26.539222240447998,1.9629420042037964,2.8175089359283447
26.646849632263184,2.6789348125457764,2.8175089359283447
26.64708638191223,2.6789348125457764,3.5407752990722656
26.77439308166504,3.3168723583221436,3.5407752990722656
26.77446174621582,3.3168723583221436,4.1745219230651855
26.90746569633484,3.586707353591919,4.1745219230651855
26.907528162002563,3.586707353591919,4.404469966888428
27.021003484725952,3.6290056705474854,4.404469966888428
27.021472930908203,3.6290056705474854,4.36914587020874
27.154804944992065,3.6607515811920166,4.36914587020874
27.154916048049927,3.6607515811920166,4.337643146514893
27.28076481819153,3.6757729053497314,4.337643146514893
27.280965089797974,3.6757729053497314,4.321264266967773
27.407757997512817,3.698378086090088,4.321264266967773
27.40796732902527,3.698378086090088,4.294438362121582
27.523038148880005,3.741210699081421,4.294438362121582
27.52329111099243,3.741210699081421,4.255376815795898
27.64902400970459,3.784261465072632,4.255376815795898
27.650789260864258,3.784261465072632,4.21415376663208
27.771284103393555,3.829080820083618,4.21415376663208
27.7713463306427,3.829080820083618,4.1699066162109375
27.896079301834106,3.869549036026001,4.1699066162109375
27.896191596984863,3.869549036026001,4.129477500915527
28.020007371902466,3.902970790863037,4.129477500915527
28.02010226249695,3.902970790863037,4.09597635269165
28.15048575401306,3.922987461090088,4.09597635269165
28.150545120239258,3.922987461090088,4.075458526611328
28.27993416786194,3.9422519207000732,4.075458526611328
28.280126333236694,3.9422519207000732,4.055129051208496
28.39864683151245,3.9641008377075195,4.055129051208496
28.399182081222534,3.9641008377075195,4.031074523925781
28.51749873161316,3.9953231811523438,4.031074523925781
28.517653942108154,3.9953231811523438,4.001241683959961
28.642205238342285,4.020914554595947,4.001241683959961
28.642457485198975,4.020914554595947,3.9644875526428223
28.76620388031006,4.0017619132995605,3.9644875526428223
28.76633334159851,4.0017619132995605,3.8977768421173096
28.890347719192505,3.896592617034912,3.8977768421173096
28.890673875808716,3.896592617034912,3.7426862716674805
29.014516592025757,3.8473610877990723,3.7426862716674805
29.014922380447388,3.8473610877990723,3.652254104614258
29.145687103271484,3.7207515239715576,3.652254104614258
29.145832300186157,3.7207515239715576,3.487832546234131
29.255520343780518,3.2504630088806152,3.487832546234131
29.255792379379272,3.2504630088806152,2.98305082321167
29.369205951690674,3.111661672592163,2.98305082321167
29.369317293167114,3.111661672592163,2.823164939880371
29.469053506851196,2.891702651977539,2.823164939880371
29.469300270080566,2.891702651977539,2.587143898010254
29.584418296813965,2.5675902366638184,2.587143898010254
29.58449363708496,2.5675902366638184,2.2548415660858154
29.671306610107422,2.311246633529663,2.2548415660858154
29.671574592590332,2.311246633529663,1.9965084791183472
29.77053952217102,2.2044787406921387,1.9965084791183472
29.770606517791748,2.2044787406921387,1.8949675559997559
29.86822009086609,2.1049790382385254,1.8949675559997559
29.86834168434143,2.1049790382385254,1.801499605178833
29.97589373588562,1.920377492904663,1.801499605178833
29.976006269454956,1.920377492904663,1.630895972251892
30.08276677131653,1.6371042728424072,1.630895972251892
30.08284616470337,1.6371042728424072,1.3819886445999146
30.199872732162476,0.906105637550354,1.3819886445999146
30.199967622756958,0.906105637550354,0.7173826098442078
30.31113314628601,0.2430451661348343,0.7173826098442078
30.311609506607056,0.2430451661348343,0.14386820793151855
30.43151330947876,-0.003396526677533984,0.14386820793151855
30.431994915008545,-0.003396526677533984,0.00990976020693779
30.56698989868164,-0.05258091166615486,0.00990976020693779
30.567058086395264,-0.05258091166615486,0.05513996258378029
30.689329385757446,0.3034054934978485,0.05513996258378029
30.69113850593567,0.3034054934978485,-0.3026979863643646
30.809261560440063,0.769439160823822,-0.3026979863643646
30.80941367149353,0.769439160823822,-0.7692238688468933
30.93729543685913,1.0646895170211792,-0.7692238688468933
30.93757939338684,1.0646895170211792,-1.0644749402999878
31.05771827697754,1.243221402168274,-1.0644749402999878
31.05827021598816,1.243221402168274,-1.2430003881454468
31.184529542922974,1.3502615690231323,-1.2430003881454468
31.18464708328247,1.3502615690231323,-1.350034236907959
31.311476945877075,1.4112608432769775,-1.350034236907959
31.311758995056152,1.4112608432769775,-1.4110337495803833
31.437196493148804,1.4237488508224487,-1.4110337495803833
31.43727159500122,1.4237488508224487,-1.4235196113586426
31.556018829345703,1.3876928091049194,-1.4235196113586426
31.556081295013428,1.3876928091049194,-1.3874512910842896
31.68363094329834,1.322833776473999,-1.3874512910842896
31.684024810791016,1.322833776473999,-1.3225561380386353
31.817471742630005,1.2359585762023926,-1.3225561380386353
31.817688941955566,1.2359585762023926,-1.235621452331543
31.942774534225464,1.1364837884902954,-1.235621452331543
31.94345450401306,1.1364837884902954,-1.1360067129135132
32.060527324676514,1.0387781858444214,-1.1360067129135132
32.06066393852234,1.0387781858444214,-1.0380637645721436
32.18387579917908,0.941663384437561,-1.0380637645721436
32.1839644908905,0.941663384437561,-0.9404997825622559
32.310349464416504,0.8264343738555908,-0.9404997825622559
32.31048893928528,0.8264343738555908,-0.8109582662582397
32.42979192733765,1.5512635707855225,-0.8109582662582397
32.4299111366272,1.5512635707855225,0.1217573955655098
32.56408190727234,3.001952648162842,0.1217573955655098
32.564152002334595,3.001952648162842,1.7322157621383667
32.6944842338562,4.550414562225342,1.7322157621383667
32.69498896598816,4.550414562225342,3.4412841796875
32.83653998374939,4.471571445465088,3.4412841796875
32.836607456207275,4.471571445465088,3.5280306339263916
32.97683095932007,4.392899990081787,3.5280306339263916
32.97707152366638,4.392899990081787,3.606825590133667
33.11622333526611,4.312934398651123,3.606825590133667
33.11638832092285,4.312934398651123,3.686857223510742
33.245020627975464,4.198787689208984,3.686857223510742
33.24552345275879,4.198787689208984,3.80104660987854
33.36923432350159,4.092625141143799,3.80104660987854
33.36934542655945,4.092625141143799,3.907210111618042
33.49827456474304,4.012022972106934,3.907210111618042
33.498372077941895,4.012022972106934,3.9878125190734863
33.62627339363098,3.9434468746185303,3.9878125190734863
33.626362800598145,3.9434468746185303,4.056378364562988
33.75232458114624,3.877159357070923,4.056378364562988
33.75248384475708,3.877159357070923,4.1226582527160645
33.87124443054199,3.779924154281616,4.1226582527160645
33.8713583946228,3.779924154281616,4.219921588897705
33.998637676239014,3.676664113998413,4.219921588897705
33.99876141548157,3.676664113998413,4.323196887969971
34.12501120567322,3.5739784240722656,4.323196887969971
34.12509751319885,3.5739784240722656,4.425884246826172
34.24636125564575,3.4763553142547607,4.425884246826172
34.246649742126465,3.4763553142547607,4.523491382598877
34.37030911445618,3.387854814529419,4.523491382598877
34.37104034423828,3.387854814529419,4.6119585037231445
34.49265742301941,3.314724922180176,4.6119585037231445
34.49295449256897,3.314724922180176,4.68505334854126
34.617345094680786,3.2535507678985596,4.68505334854126
34.61743450164795,3.2535507678985596,4.746143817901611
34.74423265457153,3.210533380508423,4.746143817901611
34.74442458152771,3.210533380508423,4.78868293762207
34.869914054870605,3.125516653060913,4.78868293762207
34.87001347541809,3.125516653060913,4.765152454376221
34.983954668045044,2.5785109996795654,4.765152454376221
34.98402667045593,2.5785109996795654,4.263097286224365
35.109227657318115,1.3159136772155762,4.263097286224365
35.109400033950806,1.3159136772155762,2.998436450958252
35.22913098335266,-0.5051201581954956,2.998436450958252
35.22926473617554,-0.5051201581954956,1.1176728010177612
35.368558406829834,-0.7851117253303528,1.1176728010177612
35.368674755096436,-0.7851117253303528,0.7859101891517639
35.50599956512451,-0.7509331107139587,0.7859101891517639
35.5061297416687,-0.7509331107139587,0.7513261437416077
35.63064956665039,-0.6893576383590698,0.7513261437416077
35.63097095489502,-0.6893576383590698,0.6897561550140381
35.75735259056091,-0.6459848880767822,0.6897561550140381
35.75822925567627,-0.6459848880767822,0.646470308303833
35.87986516952515,-0.6099570989608765,0.646470308303833
35.880027770996094,-0.6099570989608765,0.6106318235397339
36.01978659629822,-0.5738292336463928,0.6106318235397339
36.01987290382385,-0.5738292336463928,0.5748758316040039
36.144484996795654,-0.5390253663063049,0.5748758316040039
36.14454221725464,-0.5390253663063049,0.5416060090065002
36.256208181381226,-0.5092244148254395,0.5416060090065002
36.25635385513306,-0.5092244148254395,0.5173006653785706
36.38153886795044,0.0017838081112131476,0.5173006653785706
36.38178205490112,0.0017838081112131476,0.983748197555542
36.492398262023926,1.1377664804458618,0.983748197555542
36.49269127845764,1.1377664804458618,2.0818519592285156
36.60451006889343,1.7887318134307861,2.0818519592285156
36.604801177978516,1.7887318134307861,2.751791000366211
36.72648000717163,3.258092164993286,2.751791000366211
36.72665810585022,3.258092164993286,4.153250217437744
36.85459852218628,3.5828187465667725,4.153250217437744
36.85469198226929,3.5828187465667725,4.415738582611084
36.97629427909851,3.615933418273926,4.415738582611084
36.97640252113342,3.615933418273926,4.383370876312256
37.10009407997131,3.655508041381836,4.383370876312256
37.100162744522095,3.655508041381836,4.343965530395508
37.22568726539612,3.692716598510742,4.343965530395508
37.226157903671265,3.692716598510742,4.3067731857299805
37.35556650161743,3.7340736389160156,4.3067731857299805
37.3556432723999,3.7340736389160156,4.265433311462402
37.48216199874878,3.7684805393218994,4.265433311462402
37.48224234580994,3.7684805393218994,4.230984687805176
37.59999084472656,3.799990177154541,4.230984687805176
37.60011601448059,3.799990177154541,4.199402809143066
37.7309205532074,3.820617914199829,4.199402809143066
37.73115038871765,3.820617914199829,4.178628444671631
37.84636354446411,3.8361339569091797,4.178628444671631
37.846439361572266,3.8361339569091797,4.162955284118652
37.990426540374756,3.8503899574279785,4.162955284118652
37.99052453041077,3.8503899574279785,4.148526191711426
38.09683084487915,3.8534178733825684,4.148526191711426
38.09693002700806,3.8534178733825684,4.144742488861084
38.21980047225952,3.8417868614196777,4.144742488861084
38.21990394592285,3.8417868614196777,4.137808322906494
38.328694581985474,3.4197731018066406,4.137808322906494
38.32883310317993,3.4197731018066406,3.711331605911255
38.43876385688782,2.6741809844970703,3.711331605911255
38.439154386520386,2.6741809844970703,2.9748191833496094
38.55891466140747,1.9262404441833496,2.9748191833496094
38.55900549888611,1.9262404441833496,2.2446372509002686
38.6548752784729,2.1157381534576416,2.2446372509002686
38.654946088790894,2.1157381534576416,2.419201612472534
38.767985582351685,1.401017665863037,2.419201612472534
38.76806664466858,1.401017665863037,1.704959511756897
38.8899040222168,0.19499386847019196,1.704959511756897
38.89001798629761,0.19499386847019196,0.5336324572563171
39.01216435432434,-0.17638175189495087,0.5336324572563171
39.01224112510681,-0.17638175189495087,0.1928901970386505
39.14485239982605,-0.18744222819805145,0.1928901970386505
39.14525485038757,-0.18744222819805145,0.19636154174804688
39.29430365562439,-0.19833743572235107,0.19636154174804688
39.29449939727783,-0.19833743572235107,0.20807820558547974
39.38760256767273,-0.21200813353061676,0.20807820558547974
39.38767385482788,-0.21200813353061676,0.23210522532463074
39.512144327163696,-0.2269444614648819,0.23210522532463074
39.512324810028076,-0.2269444614648819,0.27143335342407227
39.62220907211304,-0.2668658494949341,0.27143335342407227
39.62235140800476,-0.2668658494949341,0.3131025433540344
39.72837829589844,-0.3356160521507263,0.3131025433540344
39.72845005989075,-0.3356160521507263,0.351904034614563
39.84248113632202,-0.15837398171424866,0.351904034614563
39.84255766868591,-0.15837398171424866,0.5977786779403687
39.953309059143066,-0.025486711412668228,0.5977786779403687
39.95473527908325,-0.025486711412668228,0.7943881154060364
40.07840871810913,0.3410320580005646,0.7943881154060364
40.078935861587524,0.3410320580005646,1.228522539138794
40.17537593841553,0.7926757335662842,1.228522539138794
40.17545413970947,0.7926757335662842,1.7759485244750977
40.28002214431763,1.4899792671203613,1.7759485244750977
40.28139591217041,1.4899792671203613,2.5899312496185303
40.39546203613281,1.9884949922561646,2.5899312496185303
40.3955442905426,1.9884949922561646,3.0757861137390137
40.53686833381653,2.8405065536499023,3.0757861137390137
40.53799057006836,2.8405065536499023,3.8838930130004883
40.664673805236816,3.4505321979522705,3.8838930130004883
40.66474723815918,3.4505321979522705,4.476240634918213
40.80889415740967,3.5213074684143066,4.476240634918213
40.809101581573486,3.5213074684143066,4.47776985168457
40.92163157463074,3.5476233959198,4.47776985168457
40.92168474197388,3.5476233959198,4.451584339141846
41.06570649147034,3.6053617000579834,4.451584339141846
41.065762519836426,3.6053617000579834,4.39423942565918
41.205241680145264,3.707759141921997,4.39423942565918
41.20533561706543,3.707759141921997,4.2920308113098145
41.34798789024353,3.8174986839294434,4.2920308113098145
41.34806799888611,3.8174986839294434,4.182345390319824
41.48762774467468,3.9220807552337646,4.182345390319824
41.48771786689758,3.9220807552337646,4.077791213989258
41.60775899887085,4.026737689971924,4.077791213989258
41.60783672332764,4.026737689971924,3.9731428623199463
41.73585367202759,4.1175360679626465,3.9731428623199463
41.7359504699707,4.1175360679626465,3.8823418617248535
41.859272718429565,4.18234920501709,3.8823418617248535
41.85966205596924,4.18234920501709,3.8175206184387207
41.98641872406006,4.2029314041137695,3.8175206184387207
41.98647475242615,4.2029314041137695,3.79689884185791
42.10656380653381,4.1902594566345215,3.79689884185791
42.10665512084961,4.1902594566345215,3.809480905532837
42.23146343231201,4.133237361907959,3.809480905532837
42.23158144950867,4.133237361907959,3.8662195205688477
42.35531711578369,4.046116828918457,3.8662195205688477
42.35538721084595,4.046116828918457,3.952869176864624
42.483394384384155,3.958700180053711,3.952869176864624
42.48346757888794,3.958700180053711,4.037455081939697
42.60700559616089,3.4739785194396973,4.037455081939697
42.60712695121765,3.4739785194396973,3.679399251937866
42.72119951248169,2.7590014934539795,3.679399251937866
42.72195744514465,2.7590014934539795,3.040745735168457
42.83422803878784,2.1141750812530518,3.040745735168457
42.83484220504761,2.1141750812530518,2.3965466022491455
42.94033741950989,2.47733998298645,2.3965466022491455
42.94049620628357,2.47733998298645,2.6260297298431396
43.046104192733765,3.244072914123535,2.6260297298431396
43.04671359062195,3.244072914123535,3.197746515274048
43.16089916229248,3.9152286052703857,3.197746515274048
43.16136622428894,3.9152286052703857,3.675393581390381
43.28071737289429,4.14966344833374,3.675393581390381
43.28138494491577,4.14966344833374,3.7267026901245117
43.40483379364014,4.091217994689941,3.7267026901245117
43.40491843223572,4.091217994689941,3.503821849822998
43.51657032966614,3.8072195053100586,3.503821849822998
43.51666617393494,3.8072195053100586,3.092944860458374
43.62984371185303,3.2892351150512695,3.092944860458374
43.62996029853821,3.2892351150512695,2.491684913635254
43.73640036582947,2.3995585441589355,2.491684913635254
43.73650002479553,2.3995585441589355,1.5511081218719482
43.85302448272705,1.4109677076339722,1.5511081218719482
43.853238344192505,1.4109677076339722,0.5403175354003906
43.96009016036987,0.6488298177719116,0.5403175354003906
43.96023440361023,0.6488298177719116,-0.22496123611927032
44.084792613983154,0.43386733531951904,-0.22496123611927032
44.084877490997314,0.43386733531951904,-0.42100003361701965
44.21739172935486,0.41372135281562805,-0.42100003361701965
44.217551708221436,0.41372135281562805,-0.4084266722202301
44.338176250457764,0.4008764326572418,-0.4084266722202301
44.338313817977905,0.4008764326572418,-0.39491182565689087
44.459513902664185,0.5096604824066162,-0.39491182565689087
44.45960283279419,0.5096604824066162,-0.26522520184516907
44.57735562324524,1.083216905593872,-0.26522520184516907
44.57749962806702,1.083216905593872,0.32046225666999817
44.68390130996704,1.8770288228988647,0.32046225666999817
44.684009075164795,1.8770288228988647,1.1221740245819092
44.79435849189758,2.6864991188049316,1.1221740245819092
44.79450035095215,2.6864991188049316,1.9465936422348022
44.900696992874146,3.67752742767334,1.9465936422348022
44.900999307632446,3.67752742767334,2.98880672454834
45.047168493270874,4.299540996551514,2.98880672454834
45.04730176925659,4.299540996551514,3.6978695392608643
45.18585228919983,4.220881938934326,3.6978695392608643
45.18632888793945,4.220881938934326,3.7786426544189453
45.33579969406128,4.125527858734131,3.7786426544189453
45.33587718009949,4.125527858734131,3.874155044555664
45.44875502586365,4.0675506591796875,3.874155044555664
45.44890761375427,4.0675506591796875,3.932109832763672
45.57583403587341,4.042325019836426,3.932109832763672
45.575945138931274,4.042325019836426,3.9572646617889404
45.697277307510376,4.028322696685791,3.9572646617889404
45.69740056991577,4.028322696685791,3.971177339553833
45.827741861343384,4.021774768829346,3.971177339553833
45.828484296798706,4.021774768829346,3.977673292160034
45.951966285705566,4.0233659744262695,3.977673292160034
45.95203399658203,4.0233659744262695,3.9760372638702393
46.07780981063843,4.02814245223999,3.9760372638702393
46.077916622161865,4.02814245223999,3.971287727355957
46.20179462432861,4.032331466674805,3.971287727355957
46.20194745063782,4.032331466674805,3.9671077728271484
46.330265283584595,4.03684663772583,3.9671077728271484
46.33034586906433,4.03684663772583,3.962632417678833
46.45980381965637,4.039339542388916,3.962632417678833
46.46073889732361,4.039339542388916,3.9601552486419678
46.580320596694946,4.040990352630615,3.9601552486419678
46.5804500579834,4.040990352630615,3.9585392475128174
46.71024417877197,4.041743755340576,3.9585392475128174
46.71036958694458,4.041743755340576,3.957818031311035
46.822805881500244,4.038876533508301,3.957818031311035
46.822951316833496,4.038876533508301,3.960649251937866
46.94664478302002,4.032719135284424,3.960649251937866
46.9468457698822,4.032719135284424,3.9667530059814453
47.08136224746704,4.025879383087158,3.9667530059814453
47.08181595802307,4.025879383087158,3.9735848903656006
47.198548316955566,4.021529674530029,3.9735848903656006
47.19868588447571,4.021529674530029,3.9779248237609863
47.32368087768555,4.017282962799072,3.9779248237609863
47.32416343688965,4.017282962799072,3.9821767807006836
47.441850662231445,4.014114856719971,3.9821767807006836
47.44275975227356,4.014114856719971,3.985349416732788
47.57506585121155,4.010445594787598,3.985349416732788
47.57575821876526,4.010445594787598,3.9889941215515137
47.71803689002991,4.007931709289551,3.9889941215515137
47.71839189529419,4.007931709289551,3.9914212226867676
47.83735013008118,4.004021644592285,3.9914212226867676
47.837607860565186,4.004021644592285,3.995357036590576
47.9479455947876,4.000131130218506,3.995357036590576
47.948246717453,4.000131130218506,3.999272108078003
48.06833100318909,3.9961447715759277,3.999272108078003
48.06845998764038,3.9961447715759277,4.003242492675781
48.199392318725586,3.9933481216430664,4.003242492675781
48.20146727561951,3.9933481216430664,4.006126880645752
48.32805109024048,3.987834930419922,4.006126880645752
48.32815623283386,3.987834930419922,4.011603832244873
48.43439078330994,3.9816036224365234,4.011603832244873
48.43448209762573,3.9816036224365234,4.01782751083374
48.564305782318115,3.9735076427459717,4.01782751083374
48.56437945365906,3.9735076427459717,4.0258355140686035
48.699265241622925,3.9683756828308105,4.0258355140686035
48.6993670463562,3.9683756828308105,4.0307440757751465
48.815773487091064,3.9668304920196533,4.0307440757751465
48.816882848739624,3.9668304920196533,4.032124996185303
48.95648550987244,3.967278242111206,4.032124996185303
48.95989441871643,3.967278242111206,4.031700134277344
49.062477827072144,3.968355178833008,4.031700134277344
49.06256127357483,3.968355178833008,4.0305681228637695
49.189815521240234,3.9716224670410156,4.0305681228637695
49.18998074531555,3.9716224670410156,4.027494430541992
49.311614990234375,3.975569725036621,4.027494430541992
49.311707973480225,3.975569725036621,4.023649215698242
49.44117498397827,3.980620861053467,4.023649215698242
49.441537380218506,3.980620861053467,4.018500804901123
49.55584239959717,3.9839766025543213,4.018500804901123
49.55596899986267,3.9839766025543213,4.015018939971924
49.69009041786194,3.9873452186584473,4.015018939971924
49.69021940231323,3.9873452186584473,4.0114545822143555
49.80846166610718,3.9896507263183594,4.0114545822143555
49.80857491493225,3.9896507263183594,4.009318828582764
49.94090390205383,3.9905285835266113,4.009318828582764
49.94099974632263,3.9905285835266113,4.008366107940674
50.05484676361084,3.991642475128174,4.008366107940674
50.05496907234192,3.991642475128174,4.006911277770996
50.187018394470215,3.9929895401000977,4.006911277770996
50.187740325927734,3.9929895401000977,4.005308628082275
50.309943199157715,3.994955539703369,4.005308628082275
50.31005787849426,3.994955539703369,4.003503799438477
50.43231153488159,3.9953694343566895,4.003503799438477
50.43303155899048,3.9953694343566895,4.003060340881348
50.558480739593506,3.9959776401519775,4.003060340881348
50.559425354003906,3.9959776401519775,4.0027618408203125
50.67825961112976,3.9977614879608154,4.0027618408203125
50.67861080169678,3.9977614879608154,4.00032377243042
50.81288170814514,3.999376058578491,4.00032377243042
50.8130247592926,3.999376058578491,3.9974989891052246
50.93928384780884,3.998201608657837,3.9974989891052246
50.939377546310425,3.998201608657837,3.9984235763549805
51.04633712768555,3.9970126152038574,3.9984235763549805
51.046568393707275,3.9970126152038574,3.99847149848938
51.17029356956482,3.9962170124053955,3.99847149848938
51.17107081413269,3.9962170124053955,3.999293804168701
51.313130617141724,3.9980015754699707,3.999293804168701
51.3131799697876,3.9980015754699707,4.00027322769165
51.42018532752991,4.00060510635376,4.00027322769165
51.420236110687256,4.00060510635376,3.9977240562438965
51.55185127258301,3.9961655139923096,3.9977240562438965
51.55210518836975,3.9961655139923096,3.993279457092285
51.65532398223877,3.1223509311676025,3.993279457092285
51.65540552139282,3.1223509311676025,3.12280535697937
51.7528281211853,2.820716142654419,3.12280535697937
51.752912759780884,2.820716142654419,2.8189914226531982
51.8484582901001,2.6701834201812744,2.8189914226531982
51.84853959083557,2.6701834201812744,2.665369987487793
51.9471333026886,2.4637646675109863,2.665369987487793
51.94751572608948,2.4637646675109863,2.454862356185913
52.03975510597229,2.3326313495635986,2.454862356185913
52.03992772102356,2.3326313495635986,2.320014238357544
52.13814949989319,2.3549513816833496,2.320014238357544
52.13866591453552,2.3549513816833496,2.333317995071411
52.22926950454712,2.542719602584839,2.333317995071411
52.22983384132385,2.542719602584839,2.5127081871032715
52.32809495925903,2.730168104171753,2.5127081871032715
52.328315019607544,2.730168104171753,2.6913704872131348
52.42353844642639,2.989314079284668,2.6913704872131348
52.42359805107117,2.989314079284668,2.94240403175354
52.52568459510803,3.329092502593994,2.94240403175354
52.52574586868286,3.329092502593994,3.27266526222229
52.62724781036377,3.7323293685913086,3.27266526222229
52.62749147415161,3.7323293685913086,3.6703553199768066
52.75499224662781,3.9036879539489746,3.6703553199768066
52.755467653274536,3.9036879539489746,3.8433778285980225
52.884549617767334,3.996415138244629,3.8433778285980225
52.88468289375305,3.996415138244629,3.937387704849243
53.019468784332275,2.951737642288208,3.937387704849243
53.019596576690674,2.951737642288208,2.8968312740325928
53.16088247299194,2.8535232543945312,2.8968312740325928
53.16110324859619,2.8535232543945312,4.02700138092041
53.16247582435608,0.0,4.02700138092041
53.162938833236694,0.0,0.0
53.172987937927246,0.0,0.0
53.17357611656189,0.0,0.0
53.17534804344177,0.0,0.0
53.17540121078491,0.0,0.0
53.18493700027466,0.0,0.0
53.18557572364807,0.0,0.0
53.199846267700195,0.0,0.0
53.199923038482666,0.0,0.0
53.20948886871338,0.0,0.0
53.20972013473511,0.0,0.0
53.21737837791443,0.0,0.0
53.217637062072754,0.0,0.0
53.22825837135315,0.0,0.0
53.22839570045471,0.0,0.0
53.23736524581909,0.0,0.0
53.237465143203735,0.0,0.0
53.24513101577759,0.0,0.0
53.245184898376465,0.0,0.0
53.2516074180603,0.0,0.0
53.251683950424194,0.0,0.0
53.2638783454895,0.0,0.0
53.26392650604248,0.0,0.0
53.27689075469971,0.0,0.0
53.27698802947998,0.0,0.0
53.289499044418335,0.0,0.0
53.29010462760925,0.0,0.0
53.29404330253601,0.0,0.0
53.29475498199463,0.0,0.0
53.30691862106323,0.0,0.0
53.30701732635498,0.0,0.0
53.31877422332764,0.0,0.0
53.31883239746094,0.0,0.0
53.3258318901062,0.0,0.0
53.32611131668091,0.0,0.0
53.336146116256714,0.0,0.0
53.33621692657471,0.0,0.0
53.349464654922485,0.0,0.0
53.349570989608765,0.0,0.0
53.35902643203735,0.0,0.0
53.35911321640015,0.0,0.0
53.37058234214783,0.0,0.0
53.370941400527954,0.0,0.0
53.378955125808716,0.0,0.0
53.37930965423584,0.0,0.0
53.39648485183716,0.0,0.0
53.39667296409607,0.0,0.0
53.39779734611511,0.0,0.0
53.397915840148926,0.0,0.0
53.40506553649902,0.0,0.0
53.40510106086731,0.0,0.0
53.41690015792847,0.0,0.0
53.41697859764099,0.0,0.0
53.43212151527405,0.0,0.0
53.432185649871826,0.0,0.0
53.43713927268982,0.0,0.0
53.43721890449524,0.0,0.0
53.446579694747925,0.0,0.0
53.446645975112915,0.0,0.0
53.45426630973816,0.0,0.0
53.4544415473938,0.0,0.0
53.46330785751343,0.0,0.0
53.463555574417114,0.0,0.0
53.47519040107727,0.0,0.0
53.475377321243286,0.0,0.0
53.49018383026123,0.0,0.0
53.49057602882385,0.0,0.0
53.499391317367554,0.0,0.0
53.50009059906006,0.0,0.0
53.50834774971008,0.0,0.0
53.50878357887268,0.0,0.0
53.51756405830383,0.0,0.0
53.51766514778137,0.0,0.0
53.52597236633301,0.0,0.0
53.526570558547974,0.0,0.0
53.53804326057434,0.0,0.0
53.538469076156616,0.0,0.0
53.54494524002075,0.0,0.0
53.54508876800537,0.0,0.0
53.55478763580322,0.0,0.0
53.554959774017334,0.0,0.0
53.570780992507935,0.0,0.0
53.57090759277344,0.0,0.0
53.578747272491455,0.0,0.0
53.578789949417114,0.0,0.0
53.58874559402466,0.0,0.0
53.588791847229004,0.0,0.0
53.60012412071228,0.0,0.0
53.60018873214722,0.0,0.0
53.60805797576904,0.0,0.0
53.608670473098755,0.0,0.0
53.61389517784119,0.0,0.0
53.613959074020386,0.0,0.0
53.63181257247925,0.0,0.0
53.632134437561035,0.0,0.0
53.63847804069519,0.0,0.0
53.63861131668091,0.0,0.0
53.64902639389038,0.0,0.0
53.64921593666077,0.0,0.0
53.66580939292908,0.0,0.0
53.66590976715088,0.0,0.0
53.66662931442261,0.0,0.0
53.66670203208923,0.0,0.0
53.677409172058105,0.0,0.0
53.6774742603302,0.0,0.0
53.688884019851685,0.0,0.0
53.68897294998169,0.0,0.0
53.70088982582092,0.0,0.0
53.70216226577759,0.0,0.0
53.70869159698486,0.0,0.0
53.710808753967285,0.0,0.0
53.718560457229614,0.0,0.0
53.71872687339783,0.0,0.0
53.72731065750122,0.0,0.0
53.727354764938354,0.0,0.0
53.736661434173584,0.0,0.0
53.736753702163696,0.0,0.0
53.745790243148804,0.0,0.0
53.745821952819824,0.0,0.0
53.75784730911255,0.0,0.0
53.758578062057495,0.0,0.0
53.76774621009827,0.0,0.0
53.767783880233765,0.0,0.0
53.77700161933899,0.0,0.0
53.777060985565186,0.0,0.0
53.790860652923584,0.0,0.0
53.7910418510437,0.0,0.0
53.79623770713806,0.0,0.0
53.79628229141235,0.0,0.0
53.80920743942261,0.0,0.0
53.809255599975586,0.0,0.0
53.81830430030823,0.0,0.0
53.818360567092896,0.0,0.0
53.824342012405396,0.0,0.0
53.82439565658569,0.0,0.0
53.837156534194946,0.0,0.0
53.837204933166504,0.0,0.0
53.85529637336731,0.0,0.0
53.855592012405396,0.0,0.0
53.85676407814026,0.0,0.0
53.856889486312866,0.0,0.0
53.87156414985657,0.0,0.0
53.871837854385376,0.0,0.0
53.8818473815918,0.0,0.0
53.88207173347473,0.0,0.0
53.89048218727112,0.0,0.0
53.89056658744812,0.0,0.0
53.90044164657593,0.0,0.0
53.90048050880432,0.0,0.0
53.90581965446472,0.0,0.0
53.90645098686218,0.0,0.0
53.91979718208313,0.0,0.0
53.91999292373657,0.0,0.0
53.92448973655701,0.0,0.0
53.925869941711426,0.0,0.0
53.93421387672424,0.0,0.0
53.934677839279175,0.0,0.0
53.947081327438354,0.0,0.0
53.94801592826843,0.0,0.0
53.95678639411926,0.0,0.0
53.95681953430176,0.0,0.0
53.96584415435791,0.0,0.0
53.96613836288452,0.0,0.0
53.9789662361145,0.0,0.0
53.97903919219971,0.0,0.0
53.99109959602356,0.0,0.0
53.99126672744751,0.0,0.0
53.99837613105774,0.0,0.0
53.99872350692749,0.0,0.0
54.00831174850464,0.0,0.0
54.00839710235596,0.0,0.0
54.01708722114563,0.0,0.0
54.01821780204773,0.0,0.0
54.02617835998535,0.0,0.0
54.0262131690979,0.0,0.0
54.03787851333618,0.0,0.0
54.03795576095581,0.0,0.0
54.04473400115967,0.0,0.0
54.044846057891846,0.0,0.0
54.054598569869995,0.0,0.0
54.0546715259552,0.0,0.0
54.06525230407715,0.0,0.0
54.06534266471863,0.0,0.0
54.075793981552124,0.0,0.0
54.07597994804382,0.0,0.0
54.09399366378784,0.0,0.0
54.09414768218994,0.0,0.0
54.09618377685547,0.0,0.0
54.0964252948761,0.0,0.0
54.11220383644104,0.0,0.0
54.112271308898926,0.0,0.0
54.115483045578,0.0,0.0
54.11556696891785,0.0,0.0
54.12377595901489,0.0,0.0
54.124048709869385,0.0,0.0
54.13357639312744,0.0,0.0
54.133625745773315,0.0,0.0
54.14571666717529,0.0,0.0
54.14575910568237,0.0,0.0
54.15858507156372,0.0,0.0
54.15867018699646,0.0,0.0
54.16452693939209,0.0,0.0
54.16463303565979,0.0,0.0
54.17665648460388,0.0,0.0
54.17680358886719,0.0,0.0
54.19039011001587,0.0,0.0
54.19072103500366,0.0,0.0
54.19452381134033,0.0,0.0
54.194886922836304,0.0,0.0
54.2054660320282,0.0,0.0
54.20582699775696,0.0,0.0
54.21836805343628,0.0,0.0
54.21893334388733,0.0,0.0
54.22808480262756,0.0,0.0
54.22846508026123,0.0,0.0
54.23853349685669,0.0,0.0
54.238560914993286,0.0,0.0
54.249764919281006,0.0,0.0
54.249794721603394,0.0,0.0
54.257710695266724,0.0,0.0
54.25792837142944,0.0,0.0
54.2646484375,0.0,0.0
54.26469683647156,0.0,0.0
54.27769088745117,0.0,0.0
54.27774143218994,0.0,0.0
54.29432153701782,0.0,0.0
54.294400453567505,0.0,0.0
54.29481363296509,0.0,0.0
54.294861793518066,0.0,0.0
54.31513428688049,0.0,0.0
54.31548476219177,0.0,0.0
54.316038846969604,0.0,0.0
54.31609034538269,0.0,0.0
54.327229499816895,0.0,0.0
54.32731652259827,0.0,0.0
54.33474111557007,0.0,0.0
54.33585977554321,0.0,0.0
54.34393787384033,0.0,0.0
54.344255447387695,0.0,0.0
54.3642315864563,0.0,0.0
54.364356994628906,0.0,0.0
54.36557388305664,0.0,0.0
54.36565899848938,0.0,0.0
54.38567519187927,0.0,0.0
54.385780811309814,0.0,0.0
54.38655972480774,0.0,0.0
54.3866012096405,0.0,0.0
54.39817404747009,0.0,0.0
54.39822220802307,0.0,0.0
54.406383752822876,0.0,0.0
54.40663480758667,0.0,0.0
54.41589689254761,0.0,0.0
54.41635775566101,0.0,0.0
54.429394483566284,0.0,0.0
54.43034505844116,0.0,0.0
54.435587644577026,0.0,0.0
54.43589782714844,0.0,0.0
54.449374198913574,0.0,0.0
54.449631214141846,0.0,0.0
54.46122407913208,0.0,0.0
54.4613094329834,0.0,0.0
54.47254204750061,0.0,0.0
54.472641468048096,0.0,0.0
54.476813316345215,0.0,0.0
54.477139711380005,0.0,0.0
54.48774814605713,0.0,0.0
54.487828731536865,0.0,0.0
54.498327016830444,0.0,0.0
54.49850368499756,0.0,0.0
54.50849676132202,0.0,0.0
54.50867247581482,0.0,0.0
54.51861119270325,0.0,0.0
54.5186927318573,0.0,0.0
54.527958393096924,0.0,0.0
54.52809453010559,0.0,0.0
54.542173624038696,0.0,0.0
54.54221224784851,0.0,0.0
54.542654275894165,0.0,0.0
54.54269194602966,0.0,0.0
54.555914878845215,0.0,0.0
54.55604672431946,0.0,0.0
54.565420389175415,0.0,0.0
54.5656898021698,0.0,0.0
54.57644081115723,0.0,0.0
54.5780143737793,0.0,0.0
54.58769774436951,0.0,0.0
54.587740421295166,0.0,0.0
54.59957027435303,0.0,0.0
54.5997359752655,0.0,0.0
54.609004735946655,0.0,0.0
54.609846115112305,0.0,0.0
54.61993145942688,0.0,0.0
54.6202187538147,0.0,0.0
54.63160514831543,0.0,0.0
54.63197946548462,0.0,0.0
54.639559268951416,0.0,0.0
54.64083814620972,0.0,0.0
54.64441633224487,0.0,0.0
54.64454460144043,0.0,0.0
54.654292821884155,0.0,0.0
54.65434813499451,0.0,0.0
54.664774656295776,0.0,0.0
54.66483807563782,0.0,0.0
54.67544651031494,0.0,0.0
54.675493478775024,0.0,0.0
54.686073541641235,0.0,0.0
54.68613386154175,0.0,0.0
54.70233654975891,0.0,0.0
54.702606201171875,0.0,0.0
54.70791721343994,0.0,0.0
54.70798921585083,0.0,0.0
54.714207887649536,0.0,0.0
54.714271783828735,0.0,0.0
54.73167133331299,0.0,0.0
54.73183846473694,0.0,0.0
54.73857569694519,0.0,0.0
54.739234924316406,0.0,0.0
54.753369092941284,0.0,0.0
54.75342154502869,0.0,0.0
54.787065267562866,0.0,0.0
54.78759264945984,0.0,0.0
54.78769254684448,0.0,0.0
54.78837585449219,0.0,0.0
54.788445234298706,0.0,0.0
54.78918099403381,0.0,0.0
54.78924822807312,0.0,0.0
54.78966498374939,0.0,0.0
54.80325436592102,0.0,0.0
54.80329203605652,0.0,0.0
54.80533504486084,0.0,0.0
54.80537533760071,0.0,0.0
54.8130316734314,0.0,0.0
54.81312084197998,0.0,0.0
54.823272705078125,0.0,0.0
54.82332968711853,0.0,0.0
54.83746004104614,0.0,0.0
54.837703227996826,0.0,0.0
54.847811222076416,0.0,0.0
54.84838247299194,0.0,0.0
54.855788707733154,0.0,0.0
54.85695242881775,0.0,0.0
54.87656378746033,0.0,0.0
54.87671899795532,0.0,0.0
54.87703514099121,0.0,0.0
54.8770809173584,0.0,0.0
54.89185380935669,0.0,0.0
54.89189100265503,0.0,0.0
54.89302587509155,0.0,0.0
54.89331388473511,0.0,0.0
54.906261920928955,0.0,0.0
54.90629482269287,0.0,0.0
54.91504168510437,0.0,0.0
54.91509771347046,0.0,0.0
54.92493915557861,0.0,0.0
54.92502570152283,0.0,0.0
54.937068462371826,0.0,0.0
54.937201738357544,0.0,0.0
54.94779396057129,0.0,0.0
54.94799876213074,0.0,0.0
54.955732107162476,0.0,0.0
54.95600628852844,0.0,0.0
54.969398021698,0.0,0.0
54.969494342803955,0.0,0.0
54.98257780075073,0.0,0.0
54.98267364501953,0.0,0.0
54.983253717422485,0.0,0.0
54.98330879211426,0.0,0.0
54.99320650100708,0.0,0.0
54.99324178695679,0.0,0.0
55.004108905792236,0.0,0.0
55.00420308113098,0.0,0.0
55.01655864715576,0.0,0.0
55.016674518585205,0.0,0.0
55.02523899078369,0.0,0.0
55.02580213546753,0.0,0.0
55.035921812057495,0.0,0.0
55.03596329689026,0.0,0.0
55.045243978500366,0.0,0.0
55.04527044296265,0.0,0.0
55.05791211128235,0.0,0.0
55.0582389831543,0.0,0.0
55.06789994239807,0.0,0.0
55.06792736053467,0.0,0.0
55.083054065704346,0.0,0.0
55.083104610443115,0.0,0.0
55.095755100250244,0.0,0.0
55.09584093093872,0.0,0.0
55.09642291069031,0.0,0.0
55.096518754959106,0.0,0.0
55.10557436943054,0.0,0.0
55.10563087463379,0.0,0.0
55.11933994293213,0.0,0.0
55.11940884590149,0.0,0.0
55.12812304496765,0.0,0.0
55.12821698188782,0.0,0.0
55.138187885284424,0.0,0.0
55.13825082778931,0.0,0.0
55.15021014213562,0.0,0.0
55.15025782585144,0.0,0.0
55.15728282928467,0.0,0.0
55.15735578536987,0.0,0.0
55.16489791870117,0.0,0.0
55.16492772102356,0.0,0.0
55.17897844314575,0.0,0.0
55.17902374267578,0.0,0.0
55.19218468666077,0.0,0.0
55.19533061981201,0.0,0.0
55.195836782455444,0.0,0.0
55.19841980934143,0.0,0.0
55.20751690864563,0.0,0.0
55.20783066749573,0.0,0.0
55.21941018104553,0.0,0.0
55.219603538513184,0.0,0.0
55.22809338569641,0.0,0.0
55.228291034698486,0.0,0.0
55.23914623260498,0.0,0.0
55.239346981048584,0.0,0.0
55.2449688911438,0.0,0.0
55.24629473686218,0.0,0.0
55.25851321220398,0.0,0.0
55.25872492790222,0.0,0.0
55.271016359329224,0.0,0.0
55.271135568618774,0.0,0.0
55.28559374809265,0.0,0.0
55.28569746017456,0.0,0.0
55.29771304130554,0.0,0.0
55.29776978492737,0.0,0.0
55.298240661621094,0.0,0.0
55.29830074310303,0.0,0.0
55.30968904495239,0.0,0.0
55.31022548675537,0.0,0.0
55.319947242736816,0.0,0.0
55.32024884223938,0.0,0.0
55.329814195632935,0.0,0.0
55.33005356788635,0.0,0.0
55.340842962265015,0.0,0.0
55.34321093559265,0.0,0.0
55.352954626083374,0.0,0.0
55.354411363601685,0.0,0.0
55.355220079422,0.0,0.0
55.35540461540222,0.0,0.0
55.36225867271423,0.0,0.0
55.3622989654541,0.0,0.0
55.37402153015137,0.0,0.0
55.374048948287964,0.0,0.0
55.38704538345337,0.0,0.0
55.387146949768066,0.0,0.0
55.39725399017334,0.0,0.0
55.3973069190979,0.0,0.0
55.40595054626465,0.0,0.0
55.406107902526855,0.0,0.0
55.416059494018555,0.0,0.0
55.41638708114624,0.0,0.0
55.429115295410156,0.0,0.0
55.429179430007935,0.0,0.0
55.44425988197327,0.0,0.0
55.444310426712036,0.0,0.0
55.4447295665741,0.0,0.0
55.444772243499756,0.0,0.0
55.46158146858215,0.0,0.0
55.461639404296875,0.0,0.0
55.461997270584106,0.0,0.0
55.46204423904419,0.0,0.0
55.48986601829529,0.0,0.0
55.490095138549805,0.0,0.0
55.49221611022949,0.0,0.0
55.49248766899109,0.0,0.0
55.49846291542053,0.0,0.0
55.49992561340332,0.0,0.0
55.50809049606323,0.0,0.0
55.50828528404236,0.0,0.0
55.51806139945984,0.0,0.0
55.519164085388184,0.0,0.0
55.52767992019653,0.0,0.0
55.52819013595581,0.0,0.0
55.5392951965332,0.0,0.0
55.53933548927307,0.0,0.0
55.5495240688324,0.0,0.0
55.54967737197876,0.0,0.0
55.55955171585083,0.0,0.0
55.55961513519287,0.0,0.0
55.56827688217163,0.0,0.0
55.56836724281311,0.0,0.0
55.581340312957764,0.0,0.0
55.581557512283325,0.0,0.0
55.58352732658386,0.0,0.0
55.5837504863739,0.0,0.0
55.593337059020996,0.0,0.0
55.593971252441406,0.0,0.0
55.60820984840393,0.0,0.0
55.60854196548462,0.0,0.0
55.61775088310242,0.0,0.0
55.61780524253845,0.0,0.0
55.624640226364136,0.0,0.0
55.624958753585815,0.0,0.0
55.635902643203735,0.0,0.0
55.63598084449768,0.0,0.0
55.64765477180481,0.0,0.0
55.64791440963745,0.0,0.0
55.65979981422424,0.0,0.0
55.660076379776,0.0,0.0
55.66823768615723,0.0,0.0
55.670966148376465,0.0,0.0
55.67708897590637,0.0,0.0
55.680262088775635,0.0,0.0
55.685532093048096,0.0,0.0
55.68567371368408,0.0,0.0
55.69748091697693,0.0,0.0
55.69780373573303,0.0,0.0
55.7202353477478,0.0,0.0
55.72027611732483,0.0,0.0
55.720632553100586,0.0,0.0
55.720664262771606,0.0,0.0
55.73745894432068,0.0,0.0
55.73752212524414,0.0,0.0
55.74328660964966,0.0,0.0
55.74370503425598,0.0,0.0
55.7458713054657,0.0,0.0
55.745943784713745,0.0,0.0
55.75479769706726,0.0,0.0
55.75575828552246,0.0,0.0
55.76521611213684,0.0,0.0
55.76530718803406,0.0,0.0
55.77866220474243,0.0,0.0
55.7787880897522,0.0,0.0
55.7881224155426,0.0,0.0
55.78826022148132,0.0,0.0
55.799593925476074,0.0,0.0
55.799668312072754,0.0,0.0
55.810084104537964,0.0,0.0
55.81040954589844,0.0,0.0
55.82311391830444,0.0,0.0
55.8232946395874,0.0,0.0
55.83159565925598,0.0,0.0
55.831782579422,0.0,0.0
55.83350372314453,0.0,0.0
55.83354449272156,0.0,0.0
55.85270023345947,0.0,0.0
55.85303592681885,0.0,0.0
55.86416006088257,0.0,0.0
55.86552548408508,0.0,0.0
55.86576557159424,0.0,0.0
55.86754393577576,0.0,0.0
55.881558895111084,0.0,0.0
55.88159799575806,0.0,0.0
55.88211965560913,0.0,0.0
55.88215136528015,0.0,0.0
55.89514136314392,0.0,0.0
55.89525508880615,0.0,0.0
55.90233874320984,0.0,0.0
55.90352964401245,0.0,0.0
55.91577982902527,0.0,0.0
55.915895223617554,0.0,0.0
55.924907207489014,0.0,0.0
55.92501258850098,0.0,0.0
55.9513795375824,0.0,0.0
55.95262598991394,0.0,0.0
55.95267128944397,0.0,0.0
55.953086376190186,0.0,0.0
55.955283641815186,0.0,0.0
55.955328702926636,0.0,0.0
55.96887421607971,0.0,0.0
55.968932151794434,0.0,0.0
55.98673701286316,0.0,0.0
55.987186908721924,0.0,0.0
55.98724555969238,0.0,0.0
55.988102197647095,0.0,0.0
55.99452567100525,0.0,0.0
55.99511933326721,0.0,0.0
56.00210452079773,0.0,0.0
56.00247406959534,0.0,0.0
56.02030682563782,0.0,0.0
56.02188420295715,0.0,0.0
56.030290603637695,0.0,0.0
56.030810594558716,0.0,0.0
56.04944038391113,0.0,0.0
56.04969096183777,0.0,0.0
56.05053353309631,0.0,0.0
56.05063223838806,0.0,0.0
56.060773611068726,0.0,0.0
56.060906410217285,0.0,0.0
56.067811250686646,0.0,0.0
56.06796860694885,0.0,0.0
56.07295322418213,0.0,0.0
56.073057413101196,0.0,0.0
56.10173320770264,0.0,0.0
56.1030478477478,0.0,0.0
56.10316228866577,0.0,0.0
56.10467839241028,0.0,0.0
56.1118426322937,0.0,0.0
56.11209511756897,0.0,0.0
56.12485384941101,0.0,0.0
56.12508225440979,0.0,0.0
56.12715458869934,0.0,0.0
56.12736988067627,0.0,0.0
56.137673139572144,0.0,0.0
56.13773059844971,0.0,0.0
56.14581894874573,0.0,0.0
56.14612817764282,0.0,0.0
56.1587028503418,0.0,0.0
56.15888547897339,0.0,0.0
56.17001748085022,0.0,0.0
56.17031168937683,0.0,0.0
56.17504811286926,0.0,0.0
56.17521381378174,0.0,0.0
56.191922426223755,0.0,0.0
56.192023515701294,0.0,0.0
56.1976273059845,0.0,0.0
56.1976683139801,0.0,0.0
56.2045042514801,0.0,0.0
56.20458483695984,0.0,0.0
56.21303081512451,0.0,0.0
56.213218688964844,0.0,0.0
56.228368043899536,0.0,0.0
56.23083233833313,0.0,0.0
56.24317502975464,0.0,0.0
56.24345874786377,0.0,0.0
56.25004029273987,0.0,0.0
56.250213861465454,0.0,0.0
56.261088609695435,0.0,0.0
56.26121473312378,0.0,0.0
56.26293063163757,0.0,0.0
56.26319670677185,0.0,0.0
56.27368426322937,0.0,0.0
56.27371168136597,0.0,0.0
56.28286051750183,0.0,0.0
56.28289079666138,0.0,0.0
56.318219900131226,0.0,0.0
56.31850719451904,0.0,0.0
56.32031488418579,0.0,0.0
56.32051110267639,0.0,0.0
56.333356618881226,0.0,0.0
56.3336763381958,0.0,0.0
56.33486294746399,0.0,0.0
56.33500099182129,0.0,0.0
56.34016394615173,0.0,0.0
56.340267181396484,0.0,0.0
56.348711252212524,0.0,0.0
56.34886288642883,0.0,0.0
56.354957818984985,0.0,0.0
56.35525059700012,0.0,0.0
56.36507058143616,0.0,0.0
56.36512112617493,0.0,0.0
56.37915062904358,0.0,0.0
56.37966322898865,0.0,0.0
56.39029026031494,0.0,0.0
56.390451431274414,0.0,0.0
56.397374868392944,0.0,0.0
56.39754366874695,0.0,0.0
56.4092116355896,0.0,0.0
56.40933036804199,0.0,0.0
56.41356086730957,0.0,0.0
56.413774251937866,0.0,0.0
56.42851424217224,0.0,0.0
56.42883014678955,0.0,0.0
56.436729192733765,0.0,0.0
56.439324617385864,0.0,0.0
56.45154142379761,0.0,0.0
56.45255088806152,0.0,0.0
56.455464363098145,0.0,0.0
56.45575952529907,0.0,0.0
56.468364000320435,0.0,0.0
56.46868538856506,0.0,0.0
56.47707748413086,0.0,0.0
56.47729420661926,0.0,0.0
56.48540472984314,0.0,0.0
56.485527753829956,0.0,0.0
56.496768951416016,0.0,0.0
56.49730610847473,0.0,0.0
56.506542921066284,0.0,0.0
56.506569147109985,0.0,0.0
56.520026445388794,0.0,0.0
56.52011036872864,0.0,0.0
56.52532076835632,0.0,0.0
56.525376319885254,0.0,0.0
56.53340268135071,0.0,0.0
56.53376126289368,0.0,0.0
56.548734188079834,0.0,0.0
56.5489137172699,0.0,0.0
56.55784487724304,0.0,0.0
56.55808424949646,0.0,0.0
56.56956195831299,0.0,0.0
56.56981134414673,0.0,0.0
56.57241415977478,0.0,0.0
56.572646379470825,0.0,0.0
56.58815121650696,0.0,0.0
56.589391469955444,0.0,0.0
56.60146927833557,0.0,0.0
56.601521253585815,0.0,0.0
56.60285758972168,0.0,0.0
56.60288977622986,0.0,0.0
56.61469030380249,0.0,0.0
56.61493897438049,0.0,0.0
56.62564706802368,0.0,0.0
56.62572002410889,0.0,0.0
56.63251709938049,0.0,0.0
56.63263297080994,0.0,0.0
56.64969992637634,0.0,0.0
56.650001525878906,0.0,0.0
56.65592074394226,0.0,0.0
56.656089305877686,0.0,0.0
56.66595506668091,0.0,0.0
56.66731142997742,0.0,0.0
56.6778678894043,0.0,0.0
56.67800951004028,0.0,0.0
56.68730878829956,0.0,0.0
56.6873574256897,0.0,0.0
56.693413734436035,0.0,0.0
56.69360852241516,0.0,0.0
56.709128618240356,0.0,0.0
56.70916223526001,0.0,0.0
56.72446656227112,0.0,0.0
56.72451210021973,0.0,0.0
56.72487449645996,0.0,0.0
56.724907875061035,0.0,0.0
56.73447775840759,0.0,0.0
56.734601736068726,0.0,0.0
56.74864673614502,0.0,0.0
56.74871492385864,0.0,0.0
56.75829744338989,0.0,0.0
56.760892152786255,0.0,0.0
56.767388582229614,0.0,0.0
56.76864767074585,0.0,0.0
56.77852129936218,0.0,0.0
56.77981925010681,0.0,0.0
56.80137491226196,0.0,0.0
56.80146527290344,0.0,0.0
56.80209445953369,0.0,0.0
56.802213191986084,0.0,0.0
56.81955909729004,0.0,0.0
56.819612979888916,0.0,0.0
56.81996726989746,0.0,0.0
56.82001519203186,0.0,0.0
56.82871723175049,0.0,0.0
56.82878828048706,0.0,0.0
56.83885478973389,0.0,0.0
56.83907103538513,0.0,0.0
56.84806156158447,0.0,0.0
56.8487594127655,0.0,0.0
56.860925912857056,0.0,0.0
56.860989570617676,0.0,0.0
56.867023229599,0.0,0.0
56.867077350616455,0.0,0.0
56.8777961730957,0.0,0.0
56.877851724624634,0.0,0.0
56.88781976699829,0.0,0.0
56.88818168640137,0.0,0.0
56.89949679374695,0.0,0.0
56.89993476867676,0.0,0.0
56.9098436832428,0.0,0.0
56.90989542007446,0.0,0.0
56.9187433719635,0.0,0.0
56.918795585632324,0.0,0.0
56.926279067993164,0.0,0.0
56.926342487335205,0.0,0.0
56.93502640724182,0.0,0.0
56.93505859375,0.0,0.0
56.94635200500488,0.0,0.0
56.94638228416443,0.0,0.0
56.956366539001465,0.0,0.0
56.95640420913696,0.0,0.0
56.9667694568634,0.0,0.0
56.96686053276062,0.0,0.0
56.978352546691895,0.0,0.0
56.97838473320007,0.0,0.0
56.997262716293335,0.0,0.0
56.99730682373047,0.0,0.0
57.004723072052,0.0,0.0
57.00547528266907,0.0,0.0
57.00696539878845,0.0,0.0
57.00713086128235,0.0,0.0
57.022329568862915,0.0,0.0
57.0225932598114,0.0,0.0
57.026209115982056,0.0,0.0
57.02630925178528,0.0,0.0
57.03897523880005,0.0,0.0
57.0391743183136,0.0,0.0
57.04776453971863,0.0,0.0
57.04795289039612,0.0,0.0
57.05508089065552,0.0,0.0
57.05520057678223,0.0,0.0
57.063886642456055,0.0,0.0
57.06393527984619,0.0,0.0
57.0786874294281,0.0,0.0
57.07888054847717,0.0,0.0
57.08811140060425,0.0,0.0
57.08858561515808,0.0,0.0
57.095351219177246,0.0,0.0
57.09542369842529,0.0,0.0
57.10502743721008,0.0,0.0
57.10555148124695,0.0,0.0
57.12282371520996,0.0,0.0
57.12290930747986,0.0,0.0
57.124640226364136,0.0,0.0
57.1247181892395,0.0,0.0
57.13879108428955,0.0,0.0
57.138835430145264,0.0,0.0
57.146928548812866,0.0,0.0
57.14726519584656,0.0,0.0
57.15408515930176,0.0,0.0
57.15414261817932,0.0,0.0
57.16254687309265,0.0,0.0
57.163052558898926,0.0,0.0
57.175777196884155,0.0,0.0
57.175824880599976,0.0,0.0
57.1827232837677,0.0,0.0
57.18280506134033,0.0,0.0
57.196523666381836,0.0,0.0
57.19657874107361,0.0,0.0
57.209383726119995,0.0,0.0
57.209437131881714,0.0,0.0
57.218236684799194,0.0,0.0
57.21835994720459,0.0,0.0
57.2295708656311,0.0,0.0
57.230003356933594,0.0,0.0
57.24025821685791,0.0,0.0
57.24034857749939,0.0,0.0
57.24619460105896,0.0,0.0
57.246304988861084,0.0,0.0
57.25346350669861,0.0,0.0
57.253562450408936,0.0,0.0
57.26154637336731,0.0,0.0
57.26193022727966,0.0,0.0
57.28108072280884,0.0,0.0
57.28119969367981,0.0,0.0
57.29396605491638,0.0,0.0
57.29404091835022,0.0,0.0
57.29810380935669,0.0,0.0
57.29825472831726,0.0,0.0
57.30687761306763,0.0,0.0
57.30695462226868,0.0,0.0
57.31785869598389,0.0,0.0
57.317970752716064,0.0,0.0
57.3226044178009,0.0,0.0
57.32275629043579,0.0,0.0
57.33280825614929,0.0,0.0
57.332879066467285,0.0,0.0
57.34730362892151,0.0,0.0
57.34856677055359,0.0,0.0
57.36151099205017,0.0,0.0
57.361578941345215,0.0,0.0
57.36848187446594,0.0,0.0
57.36854958534241,0.0,0.0
57.37496256828308,0.0,0.0
57.37503933906555,0.0,0.0
57.387542724609375,0.0,0.0
57.387662410736084,0.0,0.0
57.395195960998535,0.0,0.0
57.39584136009216,0.0,0.0
57.40727353096008,0.0,0.0
57.40872025489807,0.0,0.0
57.41259026527405,0.0,0.0
57.41278648376465,0.0,0.0
57.4266619682312,0.0,0.0
57.42710828781128,0.0,0.0
57.434490442276,0.0,0.0
57.43467140197754,0.0,0.0
57.446046113967896,0.0,0.0
57.446149587631226,0.0,0.0
57.45521259307861,0.0,0.0
57.45530366897583,0.0,0.0
57.46547818183899,0.0,0.0
57.46635699272156,0.0,0.0
57.474700689315796,0.0,0.0
57.475263357162476,0.0,0.0
57.481844425201416,0.0,0.0
57.4823842048645,0.0,0.0
57.493910789489746,0.0,0.0
57.49433159828186,0.0,0.0
57.5103280544281,0.0,0.0
57.510392904281616,0.0,0.0
57.51922678947449,0.0,0.0
57.5198450088501,0.0,0.0
57.52861547470093,0.0,0.0
57.52871632575989,0.0,0.0
57.535086154937744,0.0,0.0
57.53585910797119,0.0,0.0
57.54273962974548,0.0,0.0
57.54318881034851,0.0,0.0
57.56043815612793,0.0,0.0
57.56050252914429,0.0,0.0
57.56574368476868,0.0,0.0
57.56594800949097,0.0,0.0
57.57865285873413,0.0,0.0
57.580466747283936,0.0,0.0
57.58540892601013,0.0,0.0
57.585519552230835,0.0,0.0
57.59279441833496,0.0,0.0
57.592888832092285,0.0,0.0
57.60525393486023,0.0,0.0
57.605485916137695,0.0,0.0
57.61311411857605,0.0,0.0
57.61317586898804,0.0,0.0
57.62473392486572,0.0,0.0
57.62543773651123,0.0,0.0
57.63759994506836,0.0,0.0
57.638015031814575,0.0,0.0
57.648192405700684,0.0,0.0
57.64830780029297,0.0,0.0
57.65530776977539,0.0,0.0
57.65546154975891,0.0,0.0
57.666565895080566,0.0,0.0
57.666698694229126,0.0,0.0
57.6749849319458,0.0,0.0
57.675052881240845,0.0,0.0
57.69529747962952,0.0,0.0
57.695836782455444,0.0,0.0
57.69590926170349,0.0,0.0
57.69702434539795,0.0,0.0
57.70483136177063,0.0,0.0
57.704901933670044,0.0,0.0
57.717435121536255,0.0,0.0
57.71775817871094,0.0,0.0
57.725427865982056,0.0,0.0
57.72551965713501,0.0,0.0
57.73376536369324,0.0,0.0
57.73418617248535,0.0,0.0
57.749335050582886,0.0,0.0
57.75098371505737,0.0,0.0
57.759859800338745,0.0,0.0
57.75993847846985,0.0,0.0
57.764219999313354,0.0,0.0
57.76519703865051,0.0,0.0
57.779645681381226,0.0,0.0
57.779818058013916,0.0,0.0
57.78376746177673,0.0,0.0
57.783868074417114,0.0,0.0
57.7958402633667,0.0,0.0
57.796021938323975,0.0,0.0
57.808433532714844,0.0,0.0
57.80874824523926,0.0,0.0
57.81524157524109,0.0,0.0
57.81533217430115,0.0,0.0
57.82519841194153,0.0,0.0
57.825289726257324,0.0,0.0
57.83720016479492,0.0,0.0
57.837403535842896,0.0,0.0
57.86178421974182,0.0,0.0
57.862093687057495,0.0,0.0
57.86372399330139,0.0,0.0
57.86391496658325,0.0,0.0
57.86665463447571,0.0,0.0
57.866904973983765,0.0,0.0
57.872713565826416,0.0,0.0
57.87283730506897,0.0,0.0
57.881638288497925,0.0,0.0
57.88172698020935,0.0,0.0
57.89448356628418,0.0,0.0
57.894548416137695,0.0,0.0
57.90706658363342,0.0,0.0
57.907121896743774,0.0,0.0
57.913432121276855,0.0,0.0
57.91382050514221,0.0,0.0
57.93035817146301,0.0,0.0
57.93041944503784,0.0,0.0
57.939539670944214,0.0,0.0
57.93969249725342,0.0,0.0
57.95055961608887,0.0,0.0
57.95068907737732,0.0,0.0
57.96109199523926,0.0,0.0
57.96274495124817,0.0,0.0
57.96364235877991,0.0,0.0
57.963733196258545,0.0,0.0
57.97421908378601,0.0,0.0
57.974364042282104,0.0,0.0
